id etudiant;reussite;note de smestre1;heures-etudie;absences;age
S0001;yes;8.21;1.4272028160094543;12.130797300454098;16
S0002;yes;19.02;4.81361151752838;5.198631849060185;20
S0003;yes;15.08;1.2409077796011898;9.252287214359072;20
S0004;yes;12.8;2.1906011102731218;14.263976488569256;16
S0005;yes;3.82;2.1922648046800166;17.86170897058375;16
S0006;no;3.82;2.28160514456086;19.1878013504168;20
S0007;no;2.49;1.657147373089637;20.061510224447822;18
S0008;yes;17.68;4.132645723694789;9.026413372470266;17
S0009;yes;12.25;1.4899914478639569;14.184482525486494;16
S0010;yes;14.59;3.539626636612651;15.157348528139352;19
S0011;no;1.17;1.4953841068232698;21.38732082425213;17
S0012;yes;19.29;1.2821425503718262;6.180290902962184;19
S0013;yes;16.88;4.6377180147435055;11.924356302562927;16
S0014;yes;4.39;1.7605150652748227;17.041131636994642;18
S0015;yes;3.87;4.285000618238817;12.749235640124953;18
S0016;yes;4.24;3.178523484428544;14.920546601384686;17
S0017;yes;6.42;1.3114260784350784;11.707815386505033;20
S0018;yes;11.03;4.82179276575227;11.806779372724918;20
S0019;yes;8.89;1.98784466796757;11.141981436204794;16
S0020;yes;6.05;4.438581381410426;17.805511148446392;17
S0021;yes;13.03;1.6752400231382567;13.19787336512224;19
S0022;yes;3.51;4.415771528567412;24.9298099313781;18
S0023;yes;6.51;1.052915251621176;13.017647397535;17
S0024;yes;7.48;3.0471218262779227;11.11171470516203;20
S0025;yes;9.46;4.077770317686227;15.111980830383937;18
S0026;yes;15.94;4.739182069971133;9.838709796839147;19
S0027;yes;4.38;4.636808544825948;19.13914077954996;16
S0028;yes;10.84;4.27849947819058;11.972642593119112;20
S0029;yes;12.04;4.552765398645216;9.041968314888813;19
S0030;yes;1.71;1.796878743348306;23.71823675980263;18
S0031;yes;12.33;2.136737182846915;10.622661959749593;17
S0032;no;4.72;2.155874099684234;18.346972728597606;19
S0033;yes;2.15;2.508215724006796;18.822054616535684;20
S0034;yes;18.71;2.573282681540755;5.805338858580946;17
S0035;yes;19.6;3.178221298618702;7.193065642156867;17
S0036;yes;15.98;1.6395190534657655;9.143503596913114;20
S0037;yes;6.79;3.764986655143957;16.34624859275275;19
S0038;yes;2.19;1.670266157218026;16.231217927941522;18
S0039;yes;13.58;2.24123392841819;9.5448959851391;19
S0040;yes;9.37;3.013380522424616;13.396444366737086;19
S0041;yes;3.46;4.185762246093909;21.499353573615;17
S0042;yes;10.42;3.957876932954909;14.137766844002918;16
S0043;yes;1.53;3.582137425642089;17.28048493381781;16
S0044;yes;18.18;1.6230930423206806;7.402603038606948;16
S0045;yes;5.41;3.188181382462311;14.792946579026925;17
S0046;yes;13.35;1.3497860071995418;6.474039089313671;20
S0047;yes;6.73;2.509452707186603;13.11745753074856;19
S0048;yes;11.16;2.6540661211598366;12.616168864555746;16
S0049;yes;11.45;1.1592457577830153;13.760206584519224;19
S0050;yes;3.91;2.095952397879888;23.84212522666375;20
S0051;yes;19.52;4.822597869065957;7.089173674419456;18
S0052;yes;15.6;4.814530431318758;10.156954918326797;18
S0053;yes;18.65;2.409308217010157;6.105974067503965;16
S0054;yes;18.18;1.1724004357932962;8.08088699905656;19
S0055;yes;12.64;1.7163797573127262;12.579837939939566;18
S0056;yes;18.79;2.5688711737341605;11.772726594700195;17
S0057;yes;2.35;4.791118791876919;21.13314766966128;17
S0058;yes;4.56;1.5647962541487397;16.11360803973536;20
S0059;yes;1.87;4.0540633746728485;15.088355699648368;18
S0060;yes;7.42;1.4347301574987683;15.770521411369169;20
S0061;yes;8.19;4.925030309565107;13.836159582834313;18
S0062;yes;6.04;2.52646599643654;13.887755420726918;19
S0063;yes;16.4;4.100938155596224;10.6320940896616;20
S0064;yes;7.36;2.370364331244528;14.177606649749542;17
S0065;yes;6.52;3.510675508635235;17.98837575762891;17
S0066;yes;11.68;1.768064338960147;10.37586776034656;16
S0067;yes;3.58;1.5840840771878502;17.68378428671768;17
S0068;yes;16.53;4.752256558272525;8.223661979678354;20
S0069;yes;2.44;4.670589111617733;20.931425142949635;16
S0070;yes;19.56;4.5498757608515294;4.662723722715931;20
S0071;yes;15.77;3.501733800666374;4.16985211909342;16
S0072;yes;5.17;4.233072844865113;19.787438617475644;16
S0073;no;1.01;1.2761477476454997;20.77346840866928;20
S0074;yes;16.95;2.3391561675627166;8.208386673325798;19
S0075;yes;13.62;2.254812499028625;8.314695992105726;20
S0076;yes;15.08;3.542581287810453;11.375017152660092;19
S0077;yes;15.66;2.423831093882562;16.477608458425095;16
S0078;yes;2.24;1.5940271265747232;15.583912303246194;16
S0079;yes;7.78;3.385868301654175;13.1698309335559;17
S0080;yes;2.53;4.257535682676326;22.764169257746136;17
S0081;yes;17.33;2.5284939778398927;9.65124987365948;17
S0082;yes;12.92;1.5290748603939268;7.509194682302763;20
S0083;yes;7.67;1.7867527892512922;11.83066111213141;18
S0084;yes;1.97;1.949933220677536;16.77947262686981;17
S0085;yes;6.61;2.199590371978145;16.1642741613093;16
S0086;yes;6.97;3.5711802820252365;15.321260775100953;16
S0087;yes;15.12;3.403781938150876;10.295229560666932;17
S0088;yes;13.18;3.7843194462681566;8.412985310693728;16
S0089;yes;17.69;2.4500079381260527;9.990430805813284;16
S0090;yes;10.08;4.295990607519913;15.52154391623371;19
S0091;no;3.22;1.816350644623041;15.829892651258312;18
S0092;yes;14.82;2.876162990072616;10.303787814462725;20
S0093;yes;15.23;4.203754886165721;6.093037192883152;20
S0094;yes;11.53;1.720634590930477;13.961219050870788;18
S0095;yes;15.51;1.4394524549631318;9.53614717647185;16
S0096;yes;9.9;4.534735870751959;15.516343012099512;17
S0097;yes;10.98;2.371718651036784;12.79401689243867;17
S0098;yes;9.15;3.735480499636128;17.81767834006694;16
S0099;no;1.4;1.101394417055754;20.869570559656097;20
S0100;yes;2.9;3.7601875536377984;22.10712754116236;16
S0101;yes;1.09;2.264405246187882;17.833040613829255;16
S0102;yes;12.94;1.222963414349767;9.457883495723893;17
S0103;yes;6.81;3.439251046192468;20.00326208641137;17
S0104;yes;10.38;1.963215264292693;9.672438632733908;17
S0105;yes;18.19;2.54722896820752;1.2774231674665657;17
S0106;yes;5.79;1.3223232491460544;16.45721588236212;19
S0107;yes;9.31;1.5886530043797813;15.960020458821704;18
S0108;yes;15.39;2.191908941983375;2.550345367525459;19
S0109;no;5.36;1.3590380022406283;20.15144647024646;16
S0110;yes;2.36;4.643305058745261;18.891260072681355;16
S0111;yes;5.87;1.0241881727359137;15.56686184085588;20
S0112;yes;3.98;2.9354408754572456;14.420338249126402;17
S0113;yes;18.68;1.4929898325302058;6.317309842472646;19
S0114;yes;17.08;2.230716357911794;10.134929520460396;19
S0115;yes;12.95;4.704238239273062;13.668659273951562;18
S0116;yes;17.64;1.6467782130959474;8.87197143553422;16
S0117;yes;16.25;4.86332927887333;11.46682734500004;19
S0118;yes;4.12;1.8231775079576868;17.315098390855297;16
S0119;yes;18.3;3.9662644338673183;9.13780422041402;19
S0120;yes;11.44;3.186709059589247;16.319138656884185;19
S0121;yes;16.57;4.537914910387037;5.759833395556882;20
S0122;yes;17.75;3.215973022012524;8.922925934624566;17
S0123;yes;7.4;3.1382368766252347;18.79779423157516;20
S0124;no;2.59;1.7818320014735995;18.9074338739633;18
S0125;yes;5.44;1.664917448206635;16.69496260012916;17
S0126;yes;9.72;4.665956604462057;18.49343472033656;18
S0127;yes;16.23;2.3113527954001363;7.923177800751311;17
S0128;yes;17.18;2.488329019851584;10.782848401950936;17
S0129;yes;1.07;4.039294633713554;15.626836182219158;18
S0130;yes;10.51;2.3552939296912294;11.667323309366637;18
S0131;yes;8.42;4.808249786556011;15.260348681977575;16
S0132;yes;5.17;3.951711075995201;18.80893703182084;18
S0133;yes;2.88;3.38971697029368;18.614270468070927;20
S0134;yes;7.5;4.5235806421790095;13.82581453924189;16
S0135;yes;18.64;1.198423633397931;7.098726892665852;17
S0136;yes;7.55;2.028250768756835;16.09885670255676;18
S0137;yes;10.58;2.86014533688364;12.720703223983977;17
S0138;yes;14.24;1.907914157886084;11.843136643283684;17
S0139;yes;8.1;3.975620749208608;15.858107784392304;18
S0140;yes;19.1;4.676832124214901;11.852477459849297;17
S0141;yes;19.36;2.6950804797236936;4.332034117415056;19
S0142;yes;6.11;2.36853040044758;15.790998981596836;16
S0143;yes;9.92;4.846202928550265;15.096472654063277;18
S0144;yes;6.71;2.779409731310164;11.116085786631317;20
S0145;yes;6.43;2.956193601797133;15.865902001328855;20
S0146;yes;1.85;2.406599489367621;22.08316340381316;17
S0147;yes;12.18;4.6381938920485535;9.476646854100274;19
S0148;yes;10.11;3.275821933127403;12.093042889329991;19
S0149;yes;2.05;4.048698348726578;18.305717206602097;19
S0150;yes;6.32;4.247226873403545;17.233000128375565;19
S0151;yes;18.33;2.3673961676690327;6.385104758513428;19
S0152;yes;5.59;2.73477732528152;17.360419728881872;16
S0153;yes;3.47;4.393887097625059;16.61784187963108;16
S0154;yes;10.33;2.453021406703241;18.032385681210105;17
S0155;yes;19.82;4.175740533807405;7.531989913427225;17
S0156;yes;5.32;4.763969290297748;12.36635227219638;16
S0157;yes;14.3;3.492841492272028;12.675804861669924;20
S0158;yes;15.6;3.966509149807556;11.0373260329631;20
S0159;yes;5.09;4.22038924816454;17.852387116229444;20
S0160;yes;15.01;4.38015859558657;13.02404054630854;18
S0161;yes;7.64;2.580213351427184;20.4636838656809;16
S0162;yes;13.22;1.205053836703993;11.882260825647316;17
S0163;yes;13.36;2.607505084946958;10.949317916833555;18
S0164;yes;10.9;3.695024919136359;12.7643607653187;20
S0165;yes;2.92;2.801401543123171;19.120712066621603;17
S0166;yes;16.98;3.995852603441594;8.406988508522005;18
S0167;yes;7.28;2.4279297178746555;13.03217042776172;18
S0168;no;5.04;3.538976564416118;17.91148594682504;16
S0169;no;1.62;1.7456792194158983;20.87454824634017;16
S0170;yes;11.97;3.997477746579828;12.57803574338189;16
S0171;yes;13.58;3.1827838752521034;9.235123125276672;16
S0172;no;1.0;1.8162575541864023;16.241850155883853;16
S0173;yes;10.67;2.167644693991229;14.529079796307832;16
S0174;yes;5.34;3.9944348343273295;16.638348623456146;17
S0175;yes;13.31;2.9304049426460828;10.282980527030162;17
S0176;yes;4.49;1.8641257615722888;20.08390661800343;17
S0177;yes;14.11;4.86908476148119;10.448563183058797;20
S0178;yes;8.73;3.860500079267552;18.346573631722844;19
S0179;yes;18.72;4.828539330159185;11.5425884142184;16
S0180;yes;4.35;2.708420181441373;17.192220998261952;20
S0181;yes;7.61;2.900401362766882;16.270024526385903;20
S0182;yes;2.82;4.591820864740077;17.93403806388885;20
S0183;yes;18.25;3.1001973609815385;7.330200191190627;16
S0184;yes;17.81;3.8291156476226687;10.377584012671;16
S0185;yes;5.77;2.00869150998212;16.566438373827452;16
S0186;yes;13.73;2.786905874810562;14.007972629567178;16
S0187;yes;16.66;1.4937994632414204;5.285763852229778;16
S0188;yes;11.49;1.8239201435078467;15.7559147026573;18
S0189;yes;10.77;1.0037736610705243;13.206767725026369;17
S0190;yes;5.07;1.157060206594641;19.28020997023691;19
S0191;yes;2.56;4.909135292707717;17.293784009266894;18
S0192;yes;18.3;1.9694147805470488;8.491861756345514;18
S0193;yes;18.17;3.653242838016008;8.915918513057235;16
S0194;yes;12.63;4.356398795198446;9.161851099863682;19
S0195;yes;7.44;3.202641836946257;15.264763893886482;18
S0196;no;7.69;1.6125780003358248;13.906757234235997;17
S0197;yes;14.51;3.9124657493446655;12.471424256827872;18
S0198;yes;18.09;3.401005640398332;11.17677628547083;18
S0199;yes;17.87;3.9250023573895;7.534541761254303;20
S0200;yes;15.46;4.078986491428349;10.0738271331945;19
S0201;yes;13.28;4.90164147073898;9.605978184243682;19
S0202;yes;2.69;3.29425312010684;19.04284661297445;18
S0203;yes;4.32;2.366564450762408;17.264916833112487;17
S0204;yes;18.38;3.5938582276009483;11.703336232605771;16
S0205;yes;12.08;1.2737628369705043;6.940508080645003;16
S0206;yes;1.0;4.589589273286345;20.284145502851423;18
S0207;yes;3.0;1.4775240453527871;16.860798859744058;16
S0208;yes;13.73;2.311371351543273;12.967079850313304;19
S0209;no;1.16;4.262981522504484;19.16037846657114;19
S0210;yes;5.14;3.389249513322848;21.04600120182126;17
S0211;yes;11.56;2.5745420811097683;11.324740800560264;17
S0212;yes;14.46;2.8937426375000856;11.37637624269005;18
S0213;yes;13.65;4.418189572808721;10.962556422000326;20
S0214;yes;5.39;2.360017544239569;15.17136191959206;16
S0215;yes;14.42;4.478598739248685;13.28888648452208;17
S0216;yes;5.67;1.352537723906766;18.44905437345099;17
S0217;yes;6.89;4.107193748834523;14.382443447593149;19
S0218;yes;15.09;4.390190532218945;4.490189493260303;20
S0219;yes;13.17;1.727270611349355;11.412753474754505;20
S0220;yes;17.15;2.7213861294888018;6.8453378108952165;18
S0221;yes;14.16;1.6619990986546225;11.225251405516474;17
S0222;yes;11.2;3.826416515976871;7.330142717246517;20
S0223;yes;2.91;3.141391072246627;23.08002610977687;16
S0224;yes;7.45;3.541293386833284;14.707355096259391;20
S0225;no;5.83;1.7859478678248446;20.41732752828144;20
S0226;yes;5.9;1.846983448209678;22.9115713298794;17
S0227;yes;19.51;1.1659893020396257;5.877449739359328;20
S0228;yes;8.09;2.288270140782919;14.2461617954634;20
S0229;yes;17.73;3.2389786453347;8.446452210670195;17
S0230;yes;13.17;4.431739655989315;11.58732911763702;20
S0231;yes;15.87;3.667709789834723;1.325595991124196;17
S0232;yes;10.57;2.7415852935990057;13.734177814882194;17
S0233;yes;11.94;4.812480457576552;10.79226068326237;18
S0234;yes;10.12;3.876980802303328;14.851293759025324;18
S0235;yes;5.28;4.7206608114502;16.577327480175384;19
S0236;yes;14.9;3.1103518930886627;10.661867602793343;17
S0237;yes;5.67;2.0356170991725584;17.165676223262558;18
S0238;yes;1.43;1.211306745458888;15.1184091310667;17
S0239;yes;13.04;3.904339405935402;8.18179352331559;16
S0240;yes;4.55;1.4852119920221365;17.222861539655;20
S0241;yes;18.63;2.2111005130878687;12.829224305007344;19
S0242;yes;19.09;3.1298836315355896;7.786005124345849;17
S0243;yes;18.53;3.2576663511189907;0.6630457234561149;20
S0244;yes;8.24;3.402332787948544;15.486972038086904;20
S0245;no;1.0;1.6650213213988023;17.029427592593926;16
S0246;yes;18.54;2.518949619286595;3.63076375953726;17
S0247;yes;8.94;3.468776908467867;13.565058170996991;17
S0248;yes;19.17;4.8792754585351386;8.813050317819922;19
S0249;yes;19.84;3.9105245507987534;12.838506144479991;18
S0250;yes;17.32;4.690415028375831;6.560711965801424;20
S0251;yes;6.16;4.048848233256708;17.98821774110207;19
S0252;yes;8.54;3.3668678755696018;14.264530102004294;17
S0253;yes;17.8;1.7680934765453782;11.42142161561663;18
S0254;yes;7.27;3.666742607570052;16.305416280276688;19
S0255;yes;3.69;3.4935182638396283;17.58517709581359;20
S0256;yes;11.4;3.409876681829066;11.67249868858694;17
S0257;yes;19.17;2.959143471952963;9.914927323670298;17
S0258;yes;13.99;3.1146264159571024;7.437312923815739;17
S0259;yes;11.93;2.3377701084724163;13.653895873101163;18
S0260;yes;3.0;3.0772507705692127;22.849996861785044;19
S0261;yes;12.38;1.790223622713913;11.816209182795076;16
S0262;yes;19.8;4.220697589441507;6.300821288500224;17
S0263;yes;2.61;1.7431078187948312;17.672371207568396;19
S0264;yes;10.5;1.3398651595578657;9.467636270785924;18
S0265;yes;17.59;2.744984105428629;8.527242352830264;19
S0266;yes;14.68;3.633229758024248;10.11348056680162;16
S0267;yes;14.71;2.750867299734165;13.173994514397805;17
S0268;yes;13.9;2.1070165278052344;8.289460087957501;17
S0269;yes;7.64;3.232684735561763;14.596224010533106;20
S0270;yes;6.56;2.3880093416488;17.01318145959862;18
S0271;yes;16.8;4.731470760506532;13.632970845834096;19
S0272;yes;15.95;4.690580558414288;5.249910335523538;17
S0273;yes;17.82;3.009487279888382;11.146955530663718;19
S0274;yes;18.35;2.311535976073034;8.921137425772784;20
S0275;yes;10.38;3.948529655826557;12.073180737972097;19
S0276;yes;10.63;1.1468517739322666;16.095545769592725;18
S0277;yes;16.21;2.899076024174605;12.757215734839704;19
S0278;yes;13.14;2.345293577081334;16.372864908557396;19
S0279;yes;14.34;4.682143540410219;8.54546305544249;17
S0280;yes;15.99;1.0480121090907302;10.420816407069417;16
S0281;yes;17.94;3.2112595028733963;0.4442513188251453;16
S0282;yes;7.56;3.962654324266504;17.838454257368568;17
S0283;yes;8.56;2.940071950096165;17.13936195977307;16
S0284;no;2.33;1.3416121206508866;20.12123075290156;19
S0285;yes;12.59;4.889845560111609;11.44081142345638;17
S0286;no;1.01;3.072041725504392;20.681302082258068;20
S0287;yes;9.76;3.456744977276045;12.067196715672388;19
S0288;yes;11.45;1.9464391308300293;14.985107247742462;16
S0289;yes;6.47;2.9339923404272152;19.51403707939504;16
S0290;yes;12.01;2.7165979678332874;16.37157951569887;19
S0291;no;1.43;1.299583368007935;25.13955698318106;16
S0292;yes;1.48;1.424641414189869;20.78163495338594;18
S0293;yes;16.44;4.349890078475099;9.441693071912752;19
S0294;yes;8.04;1.959279808826361;16.625971249303092;19
S0295;yes;3.44;1.7798330859945222;15.14440345806868;16
S0296;yes;10.68;3.019645805000557;9.7490796502261;17
S0297;yes;15.88;4.074988525450052;10.249596113505357;19
S0298;no;5.12;1.2477860743159517;21.51726365489831;20
S0299;yes;13.05;3.307231678553024;12.85201872762638;20
S0300;yes;2.73;1.4768417713622934;20.32602584112835;20
S0301;no;1.65;1.1458442033024738;20.932213739626786;18
S0302;yes;10.89;1.2109758086488696;14.438171075683575;19
S0303;yes;11.46;4.336656432833765;14.19992431717305;20
S0304;yes;13.27;1.4718899345122465;12.20169289414406;18
S0305;yes;14.77;1.1806054576491678;11.605096908352294;16
S0306;yes;19.58;2.751599548571649;6.061227635826164;20
S0307;yes;11.15;4.375973887768099;11.999948421096413;20
S0308;yes;6.9;2.049633505957208;17.835961215014095;16
S0309;yes;16.26;2.686850470103665;5.88852650691274;16
S0310;yes;6.02;1.159690130255005;18.726212299748017;20
S0311;yes;9.23;2.7963140565395035;18.008644499835846;16
S0312;yes;2.74;3.3104523225485347;17.969279578131214;20
S0313;no;1.64;3.283628215008579;21.69494761407332;19
S0314;yes;19.54;2.3297067686974606;5.960355621285061;17
S0315;yes;17.27;2.262132722652542;14.514444845708496;19
S0316;yes;14.21;1.4264944757463915;6.949214812503989;16
S0317;yes;8.92;2.467193282585073;12.696163494202786;17
S0318;yes;4.13;1.3979786754918586;21.36839447193337;20
S0319;yes;4.0;4.066383778848207;21.54593347288828;16
S0320;yes;5.65;4.865097190992744;12.378495389992992;16
S0321;yes;11.43;4.880297826666828;14.291583119035735;20
S0322;yes;14.73;4.460284397501575;12.259768184705706;19
S0323;yes;13.27;3.4031685973584764;16.587416305504398;17
S0324;yes;6.88;3.80346278897552;17.027854430997174;20
S0325;yes;18.84;2.1408232107216563;7.439901427970462;20
S0326;yes;14.64;3.5230816806904826;8.065184653509483;20
S0327;yes;11.84;2.82259819775951;15.875327848429428;18
S0328;yes;12.83;2.92806935910773;15.38955671987918;16
S0329;yes;9.11;4.031106241500632;13.1030925546767;19
S0330;yes;5.83;2.1276734223890066;14.076873716291423;18
S0331;yes;7.7;2.2721584467780795;19.033256546339857;20
S0332;yes;15.11;4.698567164514547;6.875830765365578;18
S0333;no;1.21;1.224897179403889;19.7082349276238;17
S0334;yes;2.92;2.942537193653361;15.674487845343286;20
S0335;yes;2.08;4.651203201631446;19.54301457599494;18
S0336;yes;1.65;3.441452031272628;25.74567376183404;19
S0337;yes;17.0;3.1856282968485283;8.61733542563875;16
S0338;yes;14.25;1.9989767169174208;7.674344886846498;18
S0339;yes;10.09;2.373101956257793;15.714474897758564;20
S0340;yes;2.61;4.408193663218771;19.62469271331736;20
S0341;yes;10.05;3.236872527073833;13.680615476020996;20
S0342;yes;10.03;3.0589687750271195;20.738547851438422;18
S0343;yes;4.29;1.3983188541601157;13.440105350143597;19
S0344;yes;9.04;1.0641126258204925;16.287979022720805;18
S0345;yes;8.38;4.854740754748196;13.256221320854117;19
S0346;yes;12.74;2.5079446691473666;11.748813992152549;17
S0347;yes;12.6;3.4128522483980173;8.123414659671504;19
S0348;no;1.35;1.31886029274914;18.36192955956419;18
S0349;yes;7.85;3.732457142892186;15.436387227688456;19
S0350;yes;12.8;4.730266834823844;13.62821389022745;19
S0351;yes;10.61;3.3026610119896787;11.087249691068443;19
S0352;yes;17.71;1.5044612895016425;12.906867943547113;16
S0353;yes;13.75;3.326886109893907;9.328236514549772;16
S0354;yes;3.97;4.065388852418609;20.50726350651752;18
S0355;yes;2.25;2.625666146296074;15.898970568352487;18
S0356;yes;12.88;4.519350991765871;10.763486068006422;20
S0357;no;1.41;3.594731813429458;18.02516006042743;16
S0358;yes;12.01;4.59699567315681;11.740613722928082;20
S0359;yes;18.96;3.494021244989349;11.452776918259325;19
S0360;yes;11.65;1.525151888019297;14.239052962695013;19
S0361;yes;8.48;2.2387668444207565;12.981690170631865;16
S0362;yes;13.65;1.807179793009828;10.73814745301803;20
S0363;yes;9.63;4.635305990867449;10.746547992477469;17
S0364;yes;11.45;4.041600269149931;11.489582739312963;18
S0365;yes;19.09;3.705593475640024;9.47161360607943;20
S0366;yes;8.16;2.2038652785264867;16.681249074540943;20
S0367;yes;19.33;1.736179088200854;6.526336271113088;17
S0368;yes;18.2;4.025804351955648;13.336538838104389;16
S0369;yes;4.68;2.8966317835163187;13.124267182589705;20
S0370;yes;2.0;1.9031582086025165;17.941915272022577;18
S0371;yes;2.84;3.4664879126611003;15.5467159884382;20
S0372;no;1.41;1.161335408553808;23.70095974931412;18
S0373;yes;3.15;2.304681016513014;15.589996388717845;17
S0374;yes;14.24;2.8742279783645386;5.029909587955721;20
S0375;yes;2.92;1.5918333364376234;22.323351972115148;18
S0376;yes;6.77;4.938617910363359;13.685580596201362;18
S0377;yes;17.31;1.836389458358457;8.380189612451773;19
S0378;no;1.41;1.5214125201730622;23.541095504253008;19
S0379;yes;17.12;1.8141394955475856;7.568848434772455;20
S0380;yes;6.05;4.076244532638897;14.040488834772384;19
S0381;no;2.92;2.7020226370873712;19.87805000187433;19
S0382;yes;14.04;3.261663759010152;7.505072675604872;17
S0383;yes;12.28;1.084036627945443;15.51894437374959;19
S0384;yes;17.51;1.1377252342932582;11.67165018012713;19
S0385;yes;14.72;2.7833021993080647;9.551279658724695;19
S0386;yes;16.3;4.266620972806495;8.888674012277654;18
S0387;yes;6.4;4.5409555148302605;17.913458348204806;16
S0388;yes;4.86;1.3468262703825609;15.536220183099095;19
S0389;yes;15.53;3.153452408404091;8.35181137939832;17
S0390;yes;16.14;4.652918745117082;6.760674657740083;17
S0391;yes;19.55;2.551891017591545;6.688395385871409;16
S0392;yes;8.94;4.318263325713474;12.820056272522038;19
S0393;yes;7.62;1.5347826175977448;15.99887707792422;18
S0394;yes;16.29;4.741577958671195;4.189775064581056;18
S0395;yes;7.77;4.00569327012521;17.345315746825968;20
S0396;yes;18.54;4.765337571147606;1.938843199305204;20
S0397;yes;16.79;3.706468934210026;8.109604794435079;18
S0398;yes;9.51;2.453615727997708;17.540109347515347;20
S0399;yes;15.21;4.75272469009889;6.2553244416454135;16
S0400;yes;15.69;2.102267105236714;9.310282010348216;20
S0401;no;2.4;2.32869008824693;16.454236557555333;20
S0402;yes;17.96;3.803233672006961;4.530257736799484;16
S0403;yes;10.56;4.061265198101545;12.207890993479396;18
S0404;yes;16.71;4.717613935396615;10.116811953050592;16
S0405;yes;6.89;1.819209636224838;13.16003454165596;16
S0406;yes;18.2;4.191992140876896;7.68466683954076;16
S0407;yes;8.02;3.9541842135878538;12.933832370884211;19
S0408;yes;1.08;1.2551782250143917;25.23530872662456;18
S0409;yes;18.23;2.548892564840828;6.433543531710498;20
S0410;yes;2.81;2.1310618282403944;20.34127275705324;20
S0411;yes;7.22;2.2179616974161216;11.476163390185476;18
S0412;yes;18.71;4.931787518218803;5.3789295833286985;19
S0413;yes;18.6;3.571109653919712;6.3295073649853535;20
S0414;yes;12.24;3.8707046311739983;10.899454054929263;17
S0415;yes;13.08;4.906470549260037;13.808340464857054;16
S0416;yes;9.25;2.5088071298305548;9.775732346477966;19
S0417;yes;6.98;4.207360673811223;10.989925843109354;20
S0418;yes;7.22;2.738123853217981;14.498578724793113;20
S0419;yes;14.11;4.478134687259919;6.776862307506633;18
S0420;yes;15.3;1.7226301652452127;11.077720716913234;19
S0421;yes;16.64;4.790744708257119;11.108572064332035;17
S0422;yes;16.51;1.8750868336435187;9.040438664752571;16
S0423;yes;2.58;2.304882027923726;17.658563487160762;18
S0424;yes;10.64;4.024768936427122;14.18668751344731;19
S0425;yes;2.2;2.575020566261627;17.86414657384993;20
S0426;yes;11.81;3.4328455070657866;11.6780041628651;20
S0427;yes;9.05;2.778294004277714;16.4247225443437;18
S0428;yes;18.07;3.9694797483591273;6.497084943444072;16
S0429;yes;7.93;1.913325009474444;13.016097971105111;19
S0430;yes;2.62;1.233831948947508;17.961655230144444;18
S0431;yes;3.29;2.199717589892265;15.152244113619275;20
S0432;yes;14.84;2.897234659473721;12.57273829762714;18
S0433;yes;12.63;1.6720802087707145;10.329625574071777;20
S0434;yes;3.06;2.4191891586255547;21.535264969303576;17
S0435;no;2.97;2.599932073174274;21.628734811501506;16
S0436;yes;14.32;1.2295673747530942;11.939001526781574;17
S0437;yes;2.79;3.333228992736818;21.35465912142795;20
S0438;yes;16.19;4.537373711885151;10.069413731610446;19
S0439;yes;13.89;1.6069716518122097;10.82454515337615;16
S0440;yes;2.45;3.391232053606056;16.788568050345418;20
S0441;yes;2.65;3.658956819643385;19.636379028092872;20
S0442;yes;19.74;2.6773387216771534;10.39777006253282;17
S0443;yes;7.44;3.80439034945708;12.003606942115448;18
S0444;yes;7.96;2.642926173964048;16.996395811867842;18
S0445;yes;16.04;3.01854915190974;8.970807017970913;19
S0446;yes;19.2;1.029412178217708;5.8589907936201655;18
S0447;yes;19.85;3.7668804565387553;5.943459326428574;20
S0448;yes;15.01;3.6453707157788977;6.90560108388587;16
S0449;yes;7.94;1.1536035093053782;13.628922840468007;17
S0450;yes;2.19;2.4730004295805323;21.00513909463608;20
S0451;yes;15.73;4.9161273631666695;3.867824471018572;20
S0452;yes;11.86;2.682946250274467;11.836107907787095;18
S0453;yes;8.72;3.007781620527367;14.53529793940784;18
S0454;yes;18.37;4.639720632638874;5.127813647308457;18
S0455;yes;2.88;3.8690475034630256;17.847407253465235;16
S0456;yes;10.08;3.3282805244968943;12.22833433365237;18
S0457;yes;1.1;4.1912187253642905;13.613427387946274;18
S0458;yes;9.55;4.457465065823893;14.243719743218383;18
S0459;no;1.82;2.8275522869490675;20.020232194418224;17
S0460;yes;2.82;2.9004334597273416;18.07480737128285;18
S0461;yes;3.75;2.544203742607343;15.705224267862214;16
S0462;yes;13.32;4.866824560073843;14.839693421380126;17
S0463;yes;14.95;3.7886650171614016;14.655772638791689;16
S0464;yes;12.11;1.3328922648322892;13.446467656464428;19
S0465;yes;19.25;4.451838493252074;10.854934856123265;19
S0466;yes;8.0;2.9222397633450723;15.907607900363168;18
S0467;yes;6.55;1.27501562568995;14.815209573301187;17
S0468;yes;17.72;3.198869020653244;10.28363414627558;16
S0469;no;5.02;2.6686571159028083;20.492623662310884;19
S0470;yes;19.13;4.5109976194505;6.582347178403225;17
S0471;no;1.06;1.8159784144375493;17.676517261477102;20
S0472;yes;18.74;4.305858437968732;10.901599729061497;16
S0473;yes;1.28;3.230754764741811;17.35597021491462;17
S0474;yes;18.34;1.2184412128538762;5.7035166773057;19
S0475;yes;11.48;4.8873812053019385;10.358896994671802;17
S0476;yes;19.8;3.0504609764128;3.3005335161804013;17
S0477;yes;2.49;2.16350741692633;13.480262423239225;19
S0478;yes;11.58;2.8776273679570323;13.274733711029477;16
S0479;yes;20.0;4.431431134069956;6.3981611850427385;20
S0480;yes;11.24;2.219612497540254;13.848500725780523;20
S0481;yes;12.89;1.7707055859468013;11.340826613750616;16
S0482;yes;13.91;1.5162849877235258;6.601272137370742;19
S0483;yes;9.11;2.191437593560845;17.11259656926979;18
S0484;yes;12.96;4.120192348160174;13.523700579258062;20
S0485;yes;11.84;2.8865054607810468;8.52272586979597;18
S0486;yes;17.69;1.90992641477416;5.058986088493676;17
S0487;yes;1.59;1.6647399984389968;20.28294138734765;19
S0488;yes;5.95;2.3309179060415164;14.000751140305034;19
S0489;yes;19.56;4.759697491542836;6.078802487717233;17
S0490;yes;18.17;2.372106850360097;4.008186448997428;20
S0491;yes;9.61;4.952496303818542;13.54844566462952;16
S0492;yes;13.2;2.9409218230614247;8.909096495547416;17
S0493;yes;6.23;1.7166556731606035;9.580978957777871;17
S0494;yes;4.25;4.564560367174037;15.918086166179611;17
S0495;yes;10.22;2.8414214925393075;13.500826517588138;20
S0496;yes;7.82;3.8386853740180977;13.33528940158932;18
S0497;yes;11.74;4.934846332836607;12.887930607560222;19
S0498;yes;2.34;1.200701401279896;12.96122947791963;16
S0499;yes;19.25;1.3867782391502683;6.151893800350258;19
S0500;yes;19.33;3.8818269658510247;7.121935563969238;17
S0501;yes;14.52;2.127300013181888;12.489498944778587;16
S0502;yes;11.72;1.7372055878003962;9.885624483752244;17
S0503;yes;6.4;1.157447519278918;13.576026743993644;16
S0504;yes;16.62;1.0873868479448072;10.053704407564688;20
S0505;yes;13.79;4.097942412479164;9.143818014578102;20
S0506;no;3.87;1.5377337094782;21.535407004539884;16
S0507;yes;18.13;2.870882463884604;7.012324775526778;20
S0508;yes;16.36;3.423587260717932;7.558222029614704;18
S0509;yes;19.06;2.713407202275385;2.6719266683379885;18
S0510;yes;14.52;1.1084266093449324;11.948403766481777;16
S0511;yes;12.71;4.134006010351635;14.7614226278887;18
S0512;yes;8.88;1.042052898166614;16.487728153316596;16
S0513;yes;18.65;4.047559577509936;10.516404604669615;17
S0514;yes;17.18;4.573217975152491;4.749978124971918;18
S0515;yes;1.6;2.731359684228689;15.506645048479804;17
S0516;no;1.64;3.142169892391193;18.83691265579072;19
S0517;yes;8.25;2.907933570470615;11.770391341213944;18
S0518;yes;16.09;2.5568344744937552;8.51999575029921;19
S0519;yes;19.79;4.549698141481441;6.662732341171434;18
S0520;no;4.01;4.5757340426799615;18.76436179496089;18
S0521;yes;11.75;2.343265458566138;12.606680142352054;19
S0522;yes;8.35;3.460279016058792;18.63225461209604;18
S0523;yes;19.23;4.707630248583456;6.003040121030857;16
S0524;yes;17.16;4.848233995765407;8.521699582419117;19
S0525;yes;16.69;3.03583616168819;6.609578500027169;19
S0526;yes;9.32;2.811299221137307;13.321660311722638;20
S0527;yes;8.34;2.114777263714103;14.702991096779831;18
S0528;yes;6.15;4.83548749276164;18.418635335971867;20
S0529;yes;2.07;1.5712572178914694;19.04445382899535;19
S0530;yes;17.15;3.3193183041909;6.264474249452611;19
S0531;yes;16.62;2.1302010700745555;11.68095860217108;17
S0532;yes;19.5;2.1160331613911865;6.035197608113855;18
S0533;yes;19.92;2.619874349504754;5.713636111410089;17
S0534;yes;11.15;4.995171743262619;14.157976007009538;17
S0535;yes;15.4;1.2198652273592885;10.896063803537984;20
S0536;yes;18.96;3.314167272814126;6.432944092201069;20
S0537;yes;16.88;1.3302886321411087;11.150900923917147;19
S0538;yes;5.52;1.618083319962076;15.724154312907553;20
S0539;yes;9.82;2.7582517670915947;16.043404073634214;16
S0540;yes;3.2;3.041840525385765;15.566923809083905;18
S0541;yes;19.38;2.035169633458096;1.0372290117218128;18
S0542;yes;12.15;2.2658285234976647;13.816990780554946;19
S0543;no;5.44;1.3478680810237322;15.520641768390703;20
S0544;yes;14.17;2.212879135377002;12.580970351624517;17
S0545;yes;11.97;4.866233757522176;8.898351259209456;20
S0546;yes;7.51;4.778829526689927;18.238408649761485;20
S0547;no;3.25;2.33951316054794;17.237116211185814;18
S0548;yes;13.67;3.2834157451150463;12.948340977822385;17
S0549;yes;10.96;4.638381564443778;13.36323058531876;16
S0550;yes;15.48;1.0247352905635867;11.95818530150322;17
S0551;yes;10.87;4.242734281350368;10.791875682470703;19
S0552;yes;17.14;4.793478211155676;10.37495525671904;18
S0553;yes;11.8;1.3653029373342285;11.031370318521256;16
S0554;yes;11.7;1.645790744131684;13.14734796204428;17
S0555;yes;17.75;4.842985211085422;8.232193892944906;17
S0556;yes;8.49;3.150160574561385;14.08272082107922;19
S0557;no;3.32;1.0567865378868948;20.061852287950817;20
S0558;yes;1.33;2.0305279950541166;19.07832041683937;16
S0559;yes;15.45;2.7997746970754385;5.791026323601713;16
S0560;yes;12.63;3.771635644099071;13.415980633471648;18
S0561;yes;14.44;3.9326415125471983;7.389377830451053;20
S0562;yes;5.6;4.981686051701825;13.326498695533012;19
S0563;no;3.78;2.150044797535036;20.165279683252024;18
S0564;yes;1.09;3.152880407473901;23.437647359793008;19
S0565;yes;7.97;3.13329419143842;14.42451881597988;20
S0566;yes;12.05;2.62258103778895;13.257150612665974;16
S0567;yes;7.79;1.6766475753696808;9.935136331971172;18
S0568;yes;8.96;4.90982625273537;13.897700970924149;16
S0569;yes;17.61;4.413268746666344;9.573316470798908;18
S0570;yes;7.46;2.993332113176949;18.079386105958896;17
S0571;yes;10.73;3.4129816907361192;10.20788212632553;18
S0572;yes;16.38;1.9090442142386488;10.65273101001975;16
S0573;yes;8.58;3.175148281566988;14.43796474443146;20
S0574;yes;12.72;3.7798805324859033;9.056801009085532;18
S0575;yes;17.63;3.060668113546355;9.353144884559336;17
S0576;yes;18.38;4.9611406823397655;7.058913496557835;17
S0577;yes;3.79;3.4453666249909047;18.019160661782024;16
S0578;yes;18.83;2.483894850368676;5.55110887523923;19
S0579;yes;9.86;4.088608110463353;11.75654013138054;20
S0580;no;6.19;1.6818500463265682;16.999423989026397;18
S0581;yes;9.78;2.538063254825066;13.527760697982616;17
S0582;yes;19.5;2.387835801510344;7.453999618633404;18
S0583;yes;10.51;2.727228380431109;16.920532224896654;18
S0584;yes;7.87;4.127119303714905;14.83566321505144;19
S0585;yes;13.06;2.93669212865363;6.560258851062351;16
S0586;yes;5.57;4.176057801063851;18.907295593527508;19
S0587;yes;2.22;3.305955612559464;20.889453512512627;17
S0588;yes;3.12;2.3682777386302214;20.404723252837933;16
S0589;yes;3.61;4.23991497473389;16.42789026752282;18
S0590;yes;3.56;1.9531586822123663;16.790124328714853;16
S0591;no;3.58;1.897531919199182;18.48747060711176;18
S0592;yes;13.01;3.018011696219343;13.483019913053203;20
S0593;yes;4.53;2.043396983848356;17.26820686041195;19
S0594;yes;7.61;1.0363481398048653;19.1586301726364;17
S0595;yes;18.35;3.593190109195206;7.310592946648605;16
S0596;yes;9.81;3.044375285889592;11.304216481165668;16
S0597;yes;13.58;2.7820712579726448;13.949078936920074;17
S0598;yes;3.91;4.867874058473261;21.46189746305176;18
S0599;yes;4.45;3.2847967358516548;13.407431262143623;20
S0600;yes;1.81;4.4537263111575385;20.967455625097376;18
S0601;yes;4.36;1.557800944820641;14.837273267898183;19
S0602;yes;5.95;3.2768258525177107;16.55437700130515;19
S0603;yes;4.55;4.471918506923611;17.970992883548043;16
S0604;yes;3.01;3.332423029119592;17.684308412098872;17
S0605;yes;3.34;3.872056712508006;20.55125391423284;20
S0606;yes;10.27;2.488174271248829;13.333049080810902;18
S0607;yes;4.62;1.3697980681482664;18.11663490898058;20
S0608;yes;7.49;2.8316011805082857;18.29252301910154;16
S0609;yes;9.99;2.57791756335543;12.234307338929725;19
S0610;yes;14.54;4.46824072951579;11.16534062354102;18
S0611;no;1.86;1.975981209409889;19.852020148296663;17
S0612;yes;16.16;4.866936910140432;12.033509373536056;17
S0613;yes;12.98;4.832552479217984;7.387868725093;19
S0614;no;2.14;1.9905265722857548;16.68402784473772;16
S0615;yes;18.33;2.392207821909282;5.57790420810187;16
S0616;yes;18.53;4.58222296349554;8.101616248791778;19
S0617;yes;2.11;4.86648888358443;23.483135275754176;17
S0618;yes;6.42;2.773756411344176;11.310638881752167;17
S0619;yes;16.45;2.283988182563592;9.067476172860076;16
S0620;yes;15.27;3.104376053006168;11.58342874727483;17
S0621;yes;4.2;3.751076825462939;16.42083204764203;16
S0622;yes;5.05;2.093898061499919;14.20364483411199;16
S0623;yes;8.55;3.945892698476291;14.96363497683216;17
S0624;yes;10.57;1.206629428458564;10.141371033775023;18
S0625;yes;13.19;1.1971779710576658;8.79149704516626;19
S0626;yes;7.8;2.545150820582181;17.618390424420774;17
S0627;yes;9.45;2.4138927682428823;15.324622917317903;19
S0628;yes;15.15;2.262532861468609;7.328431692461429;17
S0629;yes;1.63;2.96407905067564;26.277137369780377;16
S0630;yes;6.06;2.282934329246285;16.90263124818219;18
S0631;yes;14.02;1.7690316738723677;13.768521198149088;18
S0632;yes;18.46;2.237878196354404;8.882290485384821;18
S0633;yes;10.63;4.899617091240939;13.711485393482596;16
S0634;yes;10.94;2.6444536679793944;13.57905052237068;18
S0635;no;2.65;2.778851107433343;19.907037974359604;16
S0636;yes;8.96;3.30617995980456;16.590939080249534;19
S0637;yes;11.33;4.933363073656906;6.946734419196723;19
S0638;yes;5.56;1.966405105743052;11.997375564619093;20
S0639;yes;5.67;3.7251284421297353;19.203070125086725;18
S0640;yes;7.73;3.863938774166897;10.857050879052522;16
S0641;yes;1.19;3.429297667172264;20.7226847567384;18
S0642;yes;7.56;1.3543133585465763;15.248442789902022;17
S0643;yes;4.87;3.707489103310306;17.250774803539798;18
S0644;yes;6.71;1.256378844144702;17.14628301068859;18
S0645;yes;3.12;3.384570598199588;15.89363982846993;18
S0646;yes;17.83;3.95832470888697;7.440533563384797;18
S0647;yes;11.44;1.8438795624798017;13.029482321679936;19
S0648;yes;13.86;4.366488030171096;13.923816721264451;16
S0649;yes;15.91;1.121415222132017;11.3828830034469;18
S0650;yes;10.64;4.375251454633224;17.24987005373071;16
S0651;yes;3.13;2.8413162025710603;18.77428716776;17
S0652;yes;11.5;1.870351759726578;15.606449030705951;17
S0653;yes;12.04;1.535112579975872;12.594835908509268;19
S0654;yes;14.81;4.81322867032949;6.324952595939536;19
S0655;yes;9.93;1.2906623503246268;11.066432307037942;19
S0656;no;3.37;1.7963736797437029;18.326463071817543;17
S0657;yes;6.33;2.391289389732184;16.315793110625414;16
S0658;yes;7.84;3.480939395844482;10.307932050966244;16
S0659;yes;13.3;3.179204341104393;9.816747630793706;16
S0660;yes;11.77;1.502573969649256;12.971314460493772;17
S0661;yes;7.54;2.1589119349528585;18.668715311705743;18
S0662;yes;19.58;1.9550070843440963;5.4507322836846726;19
S0663;yes;12.47;1.8541714179613653;9.597286802385646;18
S0664;yes;5.28;2.644577345919948;18.317260424914185;16
S0665;yes;2.64;3.816125810366628;17.872484113624367;18
S0666;no;3.86;1.869811728868944;18.807120073503004;19
S0667;yes;5.53;2.4667155188119256;17.078162232710525;18
S0668;yes;4.43;2.563669707364649;24.01018626158693;16
S0669;yes;3.68;4.905826117741641;17.98915692858489;19
S0670;yes;6.68;4.818665427516276;13.656518174439462;19
S0671;yes;4.6;4.200550331008303;19.19461945361352;18
S0672;yes;17.41;1.9666356832767409;7.538159490848372;16
S0673;yes;2.34;1.2721492563666787;20.786662763882223;20
S0674;yes;10.82;2.267616550882499;11.886864202677067;17
S0675;yes;8.33;2.0671781977353234;14.89835162273259;18
S0676;yes;19.44;3.0237032005855755;8.840397869211685;17
S0677;yes;2.72;4.110911640271173;15.128086426026464;16
S0678;yes;9.03;4.433291755515432;12.207155479290511;19
S0679;yes;19.7;4.379456341642034;8.182048452284121;18
S0680;yes;17.82;2.438702244892271;6.854806245413336;18
S0681;yes;16.73;3.748937373842732;7.421729017396444;18
S0682;yes;5.5;2.25133679009688;14.848083040604145;17
S0683;no;4.02;1.2436221729407309;21.885935413374284;20
S0684;yes;13.83;3.806261062411769;8.289639373457504;19
S0685;yes;18.29;1.0393102102791514;8.645327556810017;17
S0686;yes;11.76;2.6367303498339543;13.239080054661628;19
S0687;yes;11.75;2.317517077208303;5.545621139138376;20
S0688;yes;6.14;3.7735101540754097;15.395604010368563;18
S0689;yes;15.82;4.064981891041516;10.385278357228806;17
S0690;no;4.62;2.216378543885136;22.941384389223817;18
S0691;yes;6.98;4.246508057779414;12.075000164575762;16
S0692;yes;9.38;2.175667042019735;17.513273146045776;16
S0693;yes;10.28;2.785305439946245;15.5289545518375;16
S0694;yes;5.72;3.908074108056536;17.495246927012268;16
S0695;no;3.28;3.7716809168991534;14.87996418058522;16
S0696;yes;12.48;4.9494738892488;9.670874449763147;20
S0697;yes;6.52;1.900644096863728;16.42592366754714;18
S0698;yes;11.63;3.6492716541583294;11.237244296342029;18
S0699;yes;4.14;3.4387276331031096;19.378476897157483;16
S0700;yes;10.04;4.66039381796012;13.03518937558288;18
S0701;yes;10.92;1.6254485665795002;12.49355344047035;18
S0702;no;2.22;4.007192654347731;16.86550162948825;19
S0703;yes;7.13;3.2730744650750734;12.95374586873622;17
S0704;yes;3.06;2.0986634791516217;16.91685473657499;19
S0705;no;1.65;2.8977396565886964;20.034463049864705;20
S0706;yes;20.0;2.335106388279191;4.533491068662947;20
S0707;yes;6.68;3.3172536111538435;15.797555797105176;20
S0708;yes;16.9;4.556002443258663;11.56901229128161;18
S0709;no;5.15;3.277219937648808;17.506910476775595;17
S0710;yes;14.43;3.526889673306336;10.41802010996016;19
S0711;yes;15.49;3.074991388458838;7.271327467354943;18
S0712;yes;12.26;1.2046620257819036;12.268787747035027;19
S0713;yes;9.75;1.931434227504377;16.538824185534338;16
S0714;yes;8.89;2.968006917728331;14.195333222233003;17
S0715;yes;7.56;2.240941134978819;14.919421234892432;17
S0716;yes;18.99;1.7270543910447769;6.754380194335518;19
S0717;yes;16.81;3.0165313676737533;6.27930435303265;18
S0718;yes;19.38;2.2912391737914013;4.183571878110705;18
S0719;yes;3.18;2.032430572693659;19.776440358027926;18
S0720;yes;14.85;2.855941669761523;11.49093086107225;19
S0721;yes;18.92;1.5331370323286926;9.698315496099411;18
S0722;yes;3.86;4.710982932301629;15.761006164520984;20
S0723;yes;1.78;4.470808391676956;15.463626052862525;18
S0724;yes;15.29;3.830482342962141;10.597295892033998;16
S0725;yes;11.93;1.4248553103538248;12.704571105588698;16
S0726;yes;16.93;4.103509017878772;4.757897927326319;19
S0727;yes;3.59;4.231829312436076;16.814235188351;18
S0728;yes;16.2;4.07105847085735;7.974485199923876;16
S0729;yes;4.6;1.4558635484769646;20.20491561427783;19
S0730;yes;3.8;3.575631828271059;16.052910612398016;17
S0731;yes;4.11;4.337299182997594;20.06418612972324;16
S0732;yes;16.17;3.309413604878671;11.634648061655888;18
S0733;yes;13.74;3.585629500912356;11.720467157344032;18
S0734;yes;10.39;2.8334539177052247;14.272332218046335;18
S0735;yes;8.07;3.1148292795362105;15.62008007926444;17
S0736;yes;17.8;1.1375074334069009;11.540946650132064;19
S0737;yes;8.48;3.5558520878931383;12.206839006769584;19
S0738;yes;16.8;1.3257888515646368;5.952541970974743;18
S0739;yes;9.8;2.740058377360893;18.830251192511533;20
S0740;yes;8.41;2.170620390669632;12.370869581241145;18
S0741;yes;9.19;3.1817118008468523;15.66447452159698;20
S0742;yes;6.28;1.5336653420928283;13.713615387786078;17
S0743;yes;15.0;3.766573607893273;9.891487254242584;19
S0744;yes;10.52;4.180046147713881;13.015655726025912;17
S0745;yes;5.5;1.653417798972626;17.26981956528431;18
S0746;yes;17.87;1.4172523494075286;4.600526606890959;18
S0747;yes;8.3;1.5820619311494366;17.820465737430915;18
S0748;yes;11.06;4.508510247594007;11.006547312845136;17
S0749;yes;18.04;3.1127570470254247;4.782683062013589;18
S0750;yes;12.41;2.8690439840300104;9.62587735483158;19
S0751;yes;2.87;1.426847276409417;12.580904654451452;20
S0752;yes;18.45;3.598224027027847;8.399675207126464;19
S0753;yes;12.6;4.47199836758036;8.975752213784176;18
S0754;yes;7.62;4.312743477293812;15.660274386818614;19
S0755;yes;3.29;3.504218835923205;15.001493809996752;18
S0756;yes;16.86;1.3011148666066945;9.101376136836857;16
S0757;yes;12.9;1.449588108704052;12.443689060639116;17
S0758;yes;11.15;1.1972359484392987;9.39972947564651;20
S0759;yes;17.72;2.029916865969877;8.937881830596659;16
S0760;yes;16.18;1.542645868641511;12.688602742914092;18
S0761;yes;3.63;2.0401921610097355;19.20658761160924;18
S0762;yes;6.9;2.5402322228758467;14.166239201339875;18
S0763;yes;6.42;4.771931136284543;13.103177448583368;18
S0764;yes;15.09;3.4415042391267683;9.492915038884412;18
S0765;yes;1.9;4.33989514273185;16.24343635429797;16
S0766;yes;11.58;3.841406002849329;15.559454136713375;17
S0767;yes;15.46;1.450012522106527;10.62435173311026;19
S0768;yes;18.18;3.9436816254957954;8.6659102874112;20
S0769;yes;7.26;2.1003955262364977;15.582774523837571;17
S0770;yes;17.14;3.5564313879788254;8.497476090134334;16
S0771;yes;3.24;2.363847894571954;16.751536223385415;18
S0772;yes;16.9;4.990689053058636;9.473298084076603;17
S0773;yes;3.54;2.054205917987112;17.89945917555243;18
S0774;yes;8.79;2.1165218830970787;14.65010698060508;19
S0775;yes;16.32;4.722689022249593;11.351913480259007;18
S0776;no;3.3;1.098577618545291;18.222802096657954;17
S0777;yes;5.07;3.786755951492788;17.206942140293975;16
S0778;yes;14.63;3.901305562943513;10.481728597102958;19
S0779;yes;14.64;4.345514309641597;10.020098981037847;20
S0780;yes;13.34;4.897757242553901;10.995036196293697;19
S0781;yes;14.22;4.902407676626609;11.5389468363457;17
S0782;yes;10.87;1.2611070302658556;9.355752069042396;19
S0783;yes;5.83;4.28735729101161;19.461464513036937;18
S0784;yes;7.7;3.5852397346295253;17.049105360495844;20
S0785;yes;4.55;3.5893685374923647;10.553122333421506;20
S0786;yes;18.58;1.5133997064587792;10.103783169135689;17
S0787;yes;12.3;3.6007486657826133;15.362749508740244;17
S0788;yes;8.7;4.929930322404991;12.652101156996906;18
S0789;yes;9.71;4.647274278157788;18.840219834327858;18
S0790;yes;18.5;2.756522643219402;7.563038855268637;16
S0791;yes;3.97;1.1597918931443774;12.526855894462678;17
S0792;yes;12.17;2.44917396000082;15.801679615152535;16
S0793;yes;10.65;4.30556124640222;17.998941879685376;17
S0794;yes;12.2;3.805996405860664;15.340457267667844;16
S0795;yes;1.0;2.8373746223758256;17.50508605159598;18
S0796;yes;17.88;1.2204061406353244;5.196354452053392;16
S0797;yes;18.7;2.7075789112932105;8.4648456082966;16
S0798;yes;11.91;2.876099758871534;10.521387715645702;17
S0799;yes;14.22;4.714222131576544;6.94541285291276;18
S0800;yes;18.53;3.564344414328638;2.84726747273762;16
S0801;yes;14.7;2.246611666618596;10.891306981140389;16
S0802;yes;3.67;3.101273057802885;23.65626745410388;20
S0803;yes;11.94;1.2642212312886405;14.12823235373054;17
S0804;yes;12.36;4.890272942598948;12.724678599573878;16
S0805;yes;8.88;2.440239607722904;14.815550261038169;16
S0806;yes;14.88;2.9114694196525432;10.343540262681865;17
S0807;yes;18.82;2.4211358969476904;4.35521705209937;16
S0808;yes;18.44;3.730046920464801;4.087361880812864;20
S0809;yes;9.9;3.648928633318372;14.230142778005144;16
S0810;yes;2.81;3.861289242116543;15.696764679560069;16
S0811;yes;19.66;2.072572918447684;5.564280097690165;16
S0812;yes;16.8;2.262673924656264;8.303886379211974;17
S0813;no;3.73;1.5010049243848318;16.019527740680175;16
S0814;yes;18.55;3.6220398873844495;7.157793993416341;16
S0815;yes;17.83;1.1591885093426102;2.894397078901335;17
S0816;yes;10.37;3.3907293420938363;16.462004631502907;17
S0817;yes;12.28;4.478783539406535;13.157890006237269;17
S0818;yes;8.8;4.563328593158534;14.830010064170589;18
S0819;yes;1.98;2.7961510414798467;18.14839574005209;16
S0820;yes;7.63;2.837214752852295;12.221136709611145;19
S0821;yes;16.09;1.3078767320320694;9.02176149986773;16
S0822;yes;1.42;3.683060101772143;23.491883807452226;18
S0823;yes;7.97;4.2850376814913815;13.308101648109258;18
S0824;yes;8.41;1.978620218418852;12.637783547769615;19
S0825;yes;11.04;2.6852035265334586;17.46545710805207;18
S0826;yes;18.91;4.355357347061082;7.361495608501542;16
S0827;yes;8.0;4.5084818706491525;19.21309715416878;18
S0828;yes;7.38;1.972719921056904;16.891021217682024;20
S0829;yes;14.87;3.202282538165457;12.116380155897955;19
S0830;yes;9.46;1.7699726025433082;11.75884156716019;16
S0831;yes;4.8;1.4075150565582262;16.61960824914479;17
S0832;yes;9.27;4.644482005567831;16.99293415506554;17
S0833;yes;3.3;4.282030016928436;15.863051062384391;18
S0834;yes;4.05;4.040139607212696;21.15919349536047;17
S0835;yes;10.42;1.1950652752525617;12.322158648654792;19
S0836;yes;8.98;4.37491517084103;16.274801742541356;16
S0837;yes;18.84;2.752176303621535;8.335061566639922;16
S0838;yes;7.53;2.3695804931834386;13.756407017050336;16
S0839;yes;12.29;3.185905444101506;10.713286686028075;19
S0840;yes;12.92;1.3654129708942233;7.963943357216557;20
S0841;no;1.15;4.026586197409595;20.025585471089048;17
S0842;yes;13.78;3.3297403075531835;10.11023397736188;17
S0843;yes;3.97;1.74636038749267;18.64634876155173;16
S0844;yes;19.38;1.7529287990761824;6.330308428237998;17
S0845;no;3.8;1.736994606290697;16.857172373373416;17
S0846;yes;8.98;1.228009550207736;14.544692917389362;17
S0847;no;2.63;3.351193797486739;23.33581827414989;18
S0848;yes;20.0;4.361392710354032;5.464301796290982;19
S0849;yes;10.31;1.0699928559495544;12.18341491455677;16
S0850;yes;12.12;1.1960185798850942;13.513889702719275;17
S0851;no;2.01;3.291081106747783;22.288666026090404;18
S0852;yes;15.06;4.277982741544209;5.998345655751393;20
S0853;no;4.73;2.3069555622745344;15.88518431769969;17
S0854;yes;18.42;2.3984575952308886;8.224456097494468;17
S0855;yes;5.25;3.385385989987104;20.02191215124112;19
S0856;yes;4.38;2.096851556496588;19.432580911927943;16
S0857;yes;1.36;1.1064334643107363;16.24096607512312;16
S0858;yes;10.07;3.940914072406384;13.1649246525674;20
S0859;yes;11.53;3.5025996517658124;13.609902085140789;20
S0860;yes;2.36;3.3230239962226364;17.822283129798514;16
S0861;yes;15.78;3.966736515967293;11.372490739059415;17
S0862;yes;9.11;3.70092335024815;10.015170946513678;18
S0863;yes;11.39;1.8235279527132848;9.407632459503963;20
S0864;yes;9.87;2.409924187773405;15.1059474076063;18
S0865;yes;8.38;1.5044405667145;16.06118353054142;20
S0866;yes;11.48;1.519428053671524;18.8502784412427;16
S0867;yes;3.96;3.704782985426157;21.56939854733112;17
S0868;yes;4.49;4.434400427929993;20.847162643084417;16
S0869;yes;17.56;4.850930335444556;7.812471858595671;17
S0870;yes;19.58;3.5133884701977776;7.806496656765944;18
S0871;yes;7.99;1.736405293443828;18.23033561969149;17
S0872;yes;5.84;1.4226013817957228;16.980170850437524;19
S0873;yes;12.79;4.251403886147031;9.881663411345166;20
S0874;yes;8.5;3.315025905439997;13.060306772612208;17
S0875;no;1.39;3.4731400840548794;24.400113311817464;20
S0876;yes;4.43;4.125848355018837;18.17356048742446;16
S0877;yes;14.43;3.8131089109298064;13.613733795777314;17
S0878;yes;13.56;4.337833011424387;8.685474055884733;16
S0879;no;1.42;1.224855621839514;17.667064062193354;17
S0880;yes;5.51;3.9900825469860193;19.19295083923309;20
S0881;no;6.08;4.403411029288382;18.73783455291501;19
S0882;yes;13.58;2.1445401698332573;11.914642401763253;20
S0883;yes;1.14;3.5617890959730114;25.360963592705847;18
S0884;yes;3.21;2.2566482553478884;17.72858656411067;17
S0885;yes;16.39;4.831884265929816;9.683265191968973;16
S0886;yes;4.87;1.133694289742015;15.119573190333265;20
S0887;yes;13.55;3.31917137533182;13.770764061943105;16
S0888;no;5.35;1.6660141881980604;18.27279413123233;16
S0889;yes;2.99;3.848880820708634;22.39899399465679;18
S0890;yes;5.89;1.7035611336746483;19.16710878249314;18
S0891;yes;14.95;1.9415330475934305;13.023784677155234;20
S0892;yes;17.4;2.9774832441830323;5.744239366422455;19
S0893;yes;17.08;4.659339799987512;10.330131484082344;16
S0894;yes;8.85;1.846857488591884;14.228287255884709;19
S0895;yes;14.08;1.576960084472414;11.76573788180812;20
S0896;yes;5.02;4.035907327416123;20.35512910306449;18
S0897;yes;6.46;3.002478129335724;16.38996976684018;20
S0898;yes;18.07;4.647140449527086;6.177624165675617;18
S0899;no;1.52;1.5864582286393691;22.84062203308576;16
S0900;yes;2.3;3.5837115720921573;16.801475723922614;19
S0901;yes;4.99;1.93151658460726;19.26586629543636;19
S0902;no;1.3;1.6270417146065572;20.84264201191708;19
S0903;yes;4.38;3.733717660629082;16.178554959990173;18
S0904;yes;12.43;3.374738479634933;13.641768929715454;18
S0905;yes;9.02;4.019309833449325;14.11147528101349;17
S0906;yes;17.97;2.237850305784729;8.512491044661829;19
S0907;yes;16.11;2.79188662552876;8.436731009336889;16
S0908;yes;7.66;2.621886705321674;21.25185917796295;19
S0909;yes;6.06;4.936357855866056;21.00713232833993;19
S0910;yes;8.81;2.168995826957552;13.239311872582988;20
S0911;yes;12.09;2.1792689533870675;9.290491026298769;19
S0912;yes;6.1;2.418192835314429;18.59034169751425;19
S0913;yes;12.9;3.258376325161286;12.028023397502244;16
S0914;yes;9.2;2.009290977054981;13.633791650114688;16
S0915;yes;11.42;4.661159761517096;10.676307259138513;20
S0916;yes;9.32;2.062742259465054;19.07245340356652;19
S0917;yes;6.72;4.583262926240779;18.166196423744573;18
S0918;yes;19.08;1.4139002545863386;7.7902154788950355;17
S0919;yes;15.36;3.626250809598609;7.742569837213161;19
S0920;yes;3.65;4.627942073752974;11.82736762390754;18
S0921;yes;17.82;1.674997753592918;8.628579648427994;19
S0922;yes;9.91;4.87330784039702;16.81526467932916;17
S0923;yes;18.03;2.8115334416620468;6.694236687202995;18
S0924;yes;15.97;4.782860433764098;5.699500756872638;20
S0925;yes;9.39;3.707280174520188;13.883279011099283;16
S0926;no;1.0;2.206347479494206;21.95766837348412;17
S0927;yes;5.87;1.7532100996684257;13.910701454756946;16
S0928;yes;11.37;2.2149401849003976;10.89366550216699;16
S0929;yes;13.48;1.3720696370507;13.854876587879538;19
S0930;yes;5.82;1.575471865373319;15.500480281457612;18
S0931;yes;3.41;1.4186417613859246;15.590690062351491;16
S0932;yes;17.42;2.691774174966231;5.564984137612406;17
S0933;yes;19.27;4.182313505030345;6.630592453599796;16
S0934;yes;10.29;1.5655342168653608;13.66695860878636;20
S0935;yes;4.32;1.5212817326893435;14.571225264382676;18
S0936;yes;5.96;3.573715798069323;19.28117551781089;16
S0937;no;1.0;1.788731927872265;18.65067997016982;19
S0938;yes;18.58;1.3904401524359664;10.853457978204212;16
S0939;yes;3.23;1.6673943128223103;15.717481929611552;19
S0940;yes;11.75;4.694925583507104;12.71801225070692;16
S0941;yes;5.76;4.285885011104764;13.06028262643224;16
S0942;yes;11.75;2.4162582494203764;11.151520574519026;16
S0943;yes;13.54;3.6232830693095712;14.101020235316687;18
S0944;yes;16.72;3.1491026946721523;5.02948086883287;19
S0945;yes;5.41;3.708497053930256;13.283594347222376;17
S0946;yes;1.0;3.730684609851037;17.643091124447857;18
S0947;yes;3.07;3.514936060239972;20.02179224914445;18
S0948;yes;17.89;2.0644054741492344;8.389778560482078;20
S0949;yes;17.58;1.1560256830512723;7.620443390001021;16
S0950;yes;12.39;2.822267127960435;13.544845843486849;20
S0951;yes;12.31;4.563895538762815;7.5120267378792605;20
S0952;yes;13.72;3.277989034074304;10.494929545673893;20
S0953;yes;3.88;4.329564166807632;24.347015036695964;17
S0954;yes;18.8;4.966497371844913;6.57844621164125;16
S0955;yes;8.88;1.654464816553105;15.11229877477728;18
S0956;yes;8.56;3.767110556567929;14.919161626865533;16
S0957;yes;10.92;3.6971742948000985;13.786429966825231;20
S0958;yes;1.95;4.919821789433113;17.336601915326277;19
S0959;yes;4.26;4.942402935811201;14.914384233220453;19
S0960;yes;15.14;3.746714446896518;9.144404868490774;17
S0961;yes;2.69;1.974459167928777;19.70979628387491;18
S0962;yes;12.83;4.194223352522396;11.81000150686009;19
S0963;no;5.66;1.4281165368441524;16.577450700437765;16
S0964;yes;8.56;4.122797216686514;16.653260406584913;16
S0965;yes;6.4;4.640784496578785;14.583139497974784;18
S0966;yes;8.13;2.531333579073741;13.959394338955782;18
S0967;yes;14.44;3.522541179932322;6.262015704274951;17
S0968;yes;7.13;2.720570928387305;12.776201959460153;18
S0969;yes;11.71;2.751060219952514;13.926123489892994;20
S0970;yes;9.57;2.24148355643248;11.403561033489964;18
S0971;yes;13.62;4.048518481801299;13.251904933999768;16
S0972;yes;18.59;4.744706256666021;5.378760831932453;16
S0973;yes;15.15;4.7630034369378444;11.218669160259324;19
S0974;yes;4.82;1.699125139499735;19.60270285281605;18
S0975;yes;1.37;4.498974598626264;18.871118536163824;16
S0976;yes;5.35;3.949725765708489;23.08028721126276;20
S0977;yes;12.14;2.011349602761157;16.19511738888457;17
S0978;yes;1.17;1.2691384516860582;19.736624774027263;16
S0979;yes;9.91;2.071989067537512;12.968859684395897;16
S0980;yes;12.54;4.648832947126103;12.716707752788246;20
S0981;yes;7.53;3.532714699583089;19.352737248060787;18
S0982;yes;15.76;3.884218643591488;11.444686803841208;16
S0983;no;2.66;2.0286094044363834;17.556250701317154;18
S0984;yes;2.33;3.877552622299281;17.512401074561723;16
S0985;yes;14.81;1.112486025111695;10.027962396190311;19
S0986;yes;10.02;2.501285383092055;10.2949099495723;16
S0987;yes;14.51;3.507013394169325;9.540974490470546;18
S0988;yes;9.48;1.584386262165281;15.889763229094022;17
S0989;yes;5.55;4.292014297787739;17.313227176491324;20
S0990;yes;16.56;1.9401251952476744;12.24450852499939;18
S0991;yes;16.24;3.609124451273785;9.278379140155074;20
S0992;yes;13.56;2.6207885703013187;7.667671977698298;18
S0993;yes;6.03;3.3841743819105887;14.544779151310593;16
S0994;yes;11.98;1.4298022105156325;8.379305015752252;20
S0995;yes;7.5;1.0676511996864293;15.793822026572116;19
S0996;yes;2.58;4.638257709521205;15.375497005473136;16
S0997;yes;18.97;2.078520035068731;7.870198903514094;18
S0998;yes;3.72;4.278708011121836;14.439781118439548;18
S0999;yes;18.88;4.997401201888801;6.988878253569276;16
S1000;yes;9.6;1.8457250319956449;12.09934218731742;19
